{
    "Performance/Validation accuracy": 0.9246323704719543,
    "Performance/Validation loss": 0.23390233516693115
}