{
    "Performance/Validation accuracy": 0.9301470518112183,
    "Performance/Validation loss": 0.19190065562725067
}