{
    "Performance/Validation accuracy": 0.9361213445663452,
    "Performance/Validation loss": 0.19892269372940063
}