{
    "Performance/Validation accuracy": 0.9370404481887817,
    "Performance/Validation loss": 0.18745918571949005
}