{
    "Performance/Validation accuracy": 0.8396139740943909,
    "Performance/Validation loss": 0.45000308752059937
}