{
    "Performance/Validation accuracy": 0.6764705777168274,
    "Performance/Validation loss": 0.9705023765563965
}