{
    "Performance/Validation accuracy": 0.8667279481887817,
    "Performance/Validation loss": 0.3894944489002228
}