{
    "Performance/Validation accuracy": 0.8745404481887817,
    "Performance/Validation loss": 0.37926241755485535
}