{
    "Performance/Validation accuracy": 0.7798713445663452,
    "Performance/Validation loss": 0.6809995174407959
}