{
    "Performance/Validation accuracy": 0.9338235259056091,
    "Performance/Validation loss": 0.1977623999118805
}