{
    "Performance/Validation accuracy": 0.8814338445663452,
    "Performance/Validation loss": 0.3239855468273163
}