{
    "Performance/Validation accuracy": 0.9076286554336548,
    "Performance/Validation loss": 0.3052575886249542
}