{
    "Performance/Validation accuracy": 0.931525707244873,
    "Performance/Validation loss": 0.19990815222263336
}