{
    "Performance/Validation accuracy": 0.9094669222831726,
    "Performance/Validation loss": 0.2743090093135834
}