{
    "Performance/Validation accuracy": 0.921875,
    "Performance/Validation loss": 0.2589223086833954
}