{
    "Performance/Validation accuracy": 0.9177389740943909,
    "Performance/Validation loss": 0.25325602293014526
}