{
    "Performance/Validation accuracy": 0.8671875,
    "Performance/Validation loss": 0.34578993916511536
}