{
    "Performance/Validation accuracy": 0.9030330777168274,
    "Performance/Validation loss": 0.2836194932460785
}