{
    "Performance/Validation accuracy": 0.9204963445663452,
    "Performance/Validation loss": 0.21231353282928467
}