{
    "Performance/Validation accuracy": 0.8883271813392639,
    "Performance/Validation loss": 0.31219419836997986
}