{
    "Performance/Validation accuracy": 0.9296875,
    "Performance/Validation loss": 0.20966432988643646
}