{
    "Performance/Validation accuracy": 0.9324448704719543,
    "Performance/Validation loss": 0.20936912298202515
}