{
    "Performance/Validation accuracy": 0.8952205777168274,
    "Performance/Validation loss": 0.32665181159973145
}