{
    "Performance/Validation accuracy": 0.8428308963775635,
    "Performance/Validation loss": 0.4444129765033722
}