{
    "Performance/Validation accuracy": 0.939338207244873,
    "Performance/Validation loss": 0.20901253819465637
}