{
    "Performance/Validation accuracy": 0.9241728186607361,
    "Performance/Validation loss": 0.2509060800075531
}