{
    "Performance/Validation accuracy": 0.9333639740943909,
    "Performance/Validation loss": 0.19974683225154877
}